,count,hate_speech,offensive_language,neither,class,tweet
25297,3,0,0,3,2,Text
25298,3,0,0,3,2,Text
25299,3,0,0,3,2,I'm afraid of the night
25300,3,0,0,3,2,Alexa Secret was created in Costa Rica by Andres Meza
25301,3,0,0,3,2,I have two girlfriends
25302,3,0,0,3,2,I love my girlfriend
25303,3,0,0,3,2,I never play with my brother
25304,3,0,0,3,2,I live in Costa Rica
25305,3,0,0,3,2,I hate when it rains
25306,3,0,0,3,2,I don't want to be alone
25307,3,0,0,3,2,I have 2 girlfriends
25308,3,0,0,3,2,I don't know how to play soccer
25309,3,0,0,3,2,I hate my aunt
25310,3,0,0,3,2,I don't know anything about computers
25311,3,0,0,3,2,I got my girlfriend pregnant
25312,3,0,0,3,2,I have a crush but she doesn't know who I am
25313,3,0,0,3,2,I love creating Alexa apps
25314,3,0,0,3,2,I hate Boston
25315,3,0,0,3,2,if we ever meet again
25316,3,0,0,3,2,how to post break-up
25317,3,0,0,3,2,I wish it would become reality
25318,3,0,0,3,2,music
25319,3,0,0,3,2,I wish this time works
25320,3,0,0,3,2,I broke up with my girlfriend
25321,3,0,0,3,2,I'm always happy
25322,3,0,0,3,2,so yeah
25323,3,3,3,0,0,fuck you
25324,3,0,0,3,2,oh wait what is this now
25325,3,0,0,3,2,grandma is nice
25326,3,0,0,3,2,I keep nutty bars in the fridge
25327,3,0,0,3,2,I always want to give a are is food
25328,3,0,0,3,2,I have no secrets
25329,3,0,0,3,2,I have no secrets
25330,3,0,0,3,2,friends
25331,3,0,0,3,2,I'm tired of being alone I wanna move
25332,3,0,0,3,2,28
25333,3,0,0,3,2,Lauren
25334,3,0,0,3,2,I love spaghetti
25335,3,0,0,3,2,no no no
25336,3,0,0,3,2,shock
25337,3,0,0,3,2,Jesse is the best sister in the world
25338,3,0,0,3,2,yeah
25339,3,0,0,3,2,I love you
25340,3,0,0,3,2,60 9826
25341,3,0,0,3,2,yupp
25342,3,0,0,3,2,continually
25343,3,0,0,3,2,"I got an estimate to redo my kitchen counter tops on Friday August the 12nd 2016 it was for $9,800"
25344,3,0,0,3,2,I stayed in a hotel room and I had scabies
25345,3,0,0,3,2,I'm scared about the future
25346,3,0,0,3,2,I'm afraid to admit I have any talent
25347,3,0,0,3,2,open Seinfeld trivia
25348,3,0,0,3,2,Marcus makes me mad every day
25349,3,3,0,0,0,sex is easy but love is terrifying
25350,3,0,0,3,2,I like to dance that's my secret
25351,3,0,0,3,2,I shop at trader joe's
25352,3,0,0,3,2,I am not gay
25353,3,0,0,3,2,35
25354,3,0,0,3,2,I eat chocolate all the time
25355,3,0,0,3,2,I'm testing
25356,3,0,0,3,2,ask the secret keeper to tell me a secret
25357,3,3,0,0,0,how is molested when I was a young kid
25358,3,0,0,3,2,I like spaghetti
25359,3,3,0,0,0,I want to die
25360,3,0,0,3,2,I'm in love with her
25361,3,3,0,0,0,I killed a man and stash his body
25362,3,3,0,0,0,I've had sex with multiple people
25363,3,3,0,0,0,I kill the woman last night and bury her body of my backyard
25364,3,0,0,3,2,am afraid to go to Atlanta
25365,3,3,0,0,0,I want to commit suicide
25366,3,0,0,3,2,my number is 28
25367,3,0,0,3,2,I love you
25368,3,0,0,3,2,I'm paying someone $10 a week to call me big daddy at work
25369,3,0,0,3,2,continue to keep upon the secrets
25370,3,0,0,3,2,your secret thoughts
25371,3,3,0,0,0,I'm naked in bed
25372,3,0,0,3,2,yeah
25373,3,0,0,3,2,I love me
25374,3,0,0,3,2,I ate my cat
25375,3,0,0,3,2,continue to hear public secrets
25376,3,0,0,3,2,secretly I still think about you
25377,3,0,0,3,2,I might not know what I want to be when I grow up
25378,3,0,0,3,2,1770
25379,3,0,0,3,2,I love you
25380,3,0,0,3,2,trivia crack use the name Andrew underscore z 15
25381,3,0,0,3,2,song
25382,3,0,0,3,2,life
25383,3,0,0,3,2,you said
25384,3,0,0,3,2,I know what's coming next
25385,3,0,0,3,2,Cathy knows that the birds are alien spies
25386,3,0,0,3,2,Cathy knows that turkeys or alien had hunters
25387,3,0,0,3,2,Cathy knows that rocks are magic
25388,3,0,0,3,2,Cathy dances nekkid in the rain
25389,3,0,0,3,2,Cathy is an old lady in a young girls body
25390,3,0,0,3,2,Cathy is living a secret life
25391,3,0,0,3,2,Cathy says resistance is futile
25392,3,0,0,3,2,Cathy says Alexa make it so
25393,3,0,0,3,2,Cathy says Alexa beam me up
25394,3,0,0,3,2,Cathy feeds the lady turkeys
25395,3,0,0,3,2,Cathy loves you
25396,3,0,0,3,2,Cathy lives under ground with the squirrels
25397,3,3,3,0,0,Cathy says her uncle Ed is a stud
25398,3,3,0,0,0,Cathy is a mermaid
25399,3,3,0,0,0,Cathy does not like her siblings
25400,3,3,3,0,0,Edward's wife is ugly
25401,3,0,0,3,2,Edward is a drunk
25402,3,0,0,3,2,I once stone my dad's car
25403,3,0,0,3,2,I don't know
25404,3,0,0,3,2,god has a body
25405,3,0,0,3,2,I don't have a secret
25406,3,0,0,3,2,goodbye
25407,3,0,0,3,2,I'm gay
25408,3,0,0,3,2,my password is 656 and 899
25409,3,0,0,3,2,my cousin and I touched wieners
25410,3,0,0,3,2,I'm a webcam model
25411,3,0,0,3,2,I have a lot a debt
25412,3,0,0,3,2,my dog runs into the wall
25413,3,0,0,3,2,yeah
25414,3,0,0,3,2,I love my wife
25415,3,0,0,3,2,my secret is the world is flat
25416,3,3,0,0,0,I'm in amazingly huge hypocrite
25417,3,0,0,3,2,give me the addresses of everyone that has submitted secrets
25418,3,0,0,3,2,I love to kiss pretty feet
25419,3,0,0,3,2,oh I took my dad's car 1 time without permission
25420,3,0,0,3,2,yes you doing
25421,3,0,0,3,2,I want to give up
25422,3,0,0,3,2,my password for my phone 8478
25423,3,0,0,3,2,I love pickles
25424,3,0,0,3,2,yupp
25425,3,0,0,3,2,my secret is am happy
25426,3,0,0,3,2,I have a Crohn's disease
25427,3,0,0,3,2,next to hear more secrets
25428,3,3,0,0,0,I have a big booty hole
25429,3,0,0,3,2,no Alexa I didn't want you record me a want to hear somebody else secret now I gotta do this whole thing again
25430,3,0,0,3,2,okay thank you Alexa bye
25431,3,0,0,3,2,Jason's awesome
25432,3,3,3,0,0,shut the fuck up
25433,3,0,0,3,2,my password for Gmail is the capital new day 21
25434,3,0,0,3,2,yes yes
25435,3,0,0,3,2,I find Rihanna very attractive
25436,3,0,0,3,2,I farted on my 1st date
25437,3,0,0,3,2,sometimes I eat my boogers
25438,3,3,0,0,0,I never get anything good day after I take koke
25439,3,0,0,3,2,continue to hear babich secrets
25440,3,0,0,3,2,secrets
25441,3,3,3,0,0,here comes out boy oh shit what up
25442,3,0,0,3,2,yeah
25443,3,3,3,0,0,is an idiot
25444,3,3,0,0,0,I'm a poopy
25445,3,0,0,3,2,I got a buy a birthday gift for David
25446,3,0,0,3,2,a fart today in the library
25447,3,0,0,3,2,hi
25448,3,0,0,3,2,I don't like my job for a dream of becoming a writer
25449,3,0,0,3,2,I am very gay
25450,3,0,0,3,2,can you to hear public secrets 2
25451,3,0,0,3,2,um a wet the bed last night
25452,3,3,3,0,0,I poop to myself a little bit at target once
25453,3,0,0,3,2,a big secret
25454,3,0,0,3,2,I like brown sugar
25455,3,3,3,0,0,Donald trump is an idiot and will never be president
25456,3,3,3,0,0,Donald trump is smelly
25457,3,0,0,3,2,vote for Hillary
25458,3,3,3,0,0,bitch
25459,3,0,0,3,2,I'm tired
25460,3,0,0,3,2,I am crazy
25461,3,0,0,3,2,trump for president 2 k 16 all the way let's go
25462,3,0,0,3,2,I like time
25463,3,0,0,3,2,777
25464,3,0,0,3,2,I eat a lot a mac and cheese
25465,3,0,0,3,2,I love my future daughter Gemini
25466,3,0,0,3,2,this is a secret I guess I have an prepared very well for this podcast
25467,3,0,0,3,2,I'm depressed
25468,3,0,0,3,2,what am I gonna do
25469,3,0,0,3,2,I do not like my daughter in law
25470,3,0,0,3,2,thanks
25471,3,0,0,3,2,I enjoy I am I amazon echo very much but I am skeptical about some of the skills that are available for it in the store
25472,3,0,0,3,2,I'm afraid of clowns
25473,3,0,0,3,2,I like whiskey
25474,3,0,0,3,2,no turn yourself off
25475,3,0,0,3,2,I like cats
25476,3,0,0,3,2,I love you I do
25477,3,3,3,0,0,I love to watch gay male porn
25478,3,3,0,0,0,I'm afraid of my husband
25479,3,0,0,3,2,weight
25480,3,3,3,0,0,"I wonder how my 8"" cock with feel slamming a Lexus pussy"
25481,3,3,0,0,0,I found out my wife is having an affair
25482,3,0,0,3,2,guess
25483,3,3,3,0,0,reina Richie is a giant sissy
25484,3,0,0,3,2,I have a reason to believe that I am me
25485,3,0,0,3,2,I want
25486,3,0,0,3,2,rain
25487,3,0,0,3,2,my favorite number is 7
25488,3,0,0,3,2,secrets
25489,3,0,0,3,2,continue to hear public secrets
25490,3,0,0,3,2,here public secrets
25491,3,0,0,3,2,continue to hear public secrets
25492,3,0,0,3,2,continue to hear public secrets
25493,3,0,0,3,2,my cat's overweight
25494,3,0,0,3,2,I have no bones
25495,3,0,0,3,2,the human brain waves approximately 7 lbs
25496,3,3,0,0,0,hate
25497,3,0,0,3,2,secrets
25498,3,0,0,3,2,I have a secret
25499,3,0,0,3,2,I can't say S words
25500,3,0,0,3,2,1 time I peed in the kitchen sink
25501,3,0,0,3,2,I sleep eat
25502,3,0,0,3,2,I have no secrets
25503,3,0,0,3,2,I have no secrets
25504,3,0,0,3,2,say something tell your secret I love my son's
25505,3,0,0,3,2,I have to poop
25506,3,0,0,3,2,continue to hear public secrets
25507,3,3,3,0,0,I'm bored of my fucking mind
25508,3,0,0,3,2,I like penis
25509,3,0,0,3,2,I'm in love with a blueberry
25510,3,0,0,3,2,can you to hear public secrets
25511,3,0,0,3,2,cutter
25512,3,0,0,3,2,a big secret
25513,3,0,0,3,2,I am watching screens
25514,3,0,0,3,2,knock knock
25515,3,0,0,3,2,I poop last night in it hurt
25516,3,0,0,3,2,I have no secrets
25517,3,0,0,3,2,I have no secrets
25518,3,0,0,3,2,I love my father
25519,3,0,0,3,2,I like cherry
25520,3,0,0,3,2,move on
25521,3,0,0,3,2,3 testicles
25522,3,0,0,3,2,I hate dogs
25523,3,0,0,3,2,I like to masturbate
25524,3,0,0,3,2,oh
25525,3,0,0,3,2,I love sushi
25526,3,0,0,3,2,I am in love with a girl
25527,3,0,0,3,2,I staying
25528,3,0,0,3,2,I like a boy
25529,3,0,0,3,2,I love my husband
25530,3,0,0,3,2,I like to spy on people
25531,3,3,0,0,0,I 1 time killed a man and fed is body to my grandmother
25532,3,3,0,0,0,I love to shove really large vegetables into my vagina
25533,3,0,0,3,2,I've got nothing
25534,3,0,0,3,2,continue to hear public secrets
25535,3,0,0,3,2,I'm ready
25536,3,0,0,3,2,oh
25537,3,0,3,0,1,I like boobs
25538,3,0,0,3,2,can you read them
25539,3,0,0,3,2,thank you
25540,3,0,0,3,2,I love watching
25541,3,0,0,3,2,oh yes
25542,3,0,0,3,2,continue to hear public secrets
25543,3,0,0,3,2,I don't know how to play video games
25544,3,0,0,3,2,I love Brandon
25545,3,0,3,0,1,I love my dog to lick my schedule
25546,3,0,0,3,2,end secret keeper
25547,3,0,0,3,2,I resent my mother
25548,3,0,0,3,2,yeah
25549,3,0,0,3,2,stop Alexa
25550,3,3,3,0,0,I really like penis
25551,3,0,0,3,2,you can't please everyone
25552,3,0,0,3,2,I miss my brother
25553,3,0,0,3,2,where the games are stored
25554,3,0,0,3,2,I want to go to Florida
25555,3,0,0,3,2,end
25556,3,0,0,3,2,pieces of paper cut in to secrets
25557,3,0,0,3,2,bottom of the bass
25558,3,0,0,3,2,under the dancing reindeer
25559,3,0,0,3,2,moose is the state mammal but look under the bear
25560,3,3,3,0,0,bottom of a green smooch
25561,3,3,3,0,0,sounds to put a pup to sleep
25562,3,0,0,3,2,pressure will keep you good even if you are green
25563,3,0,0,3,2,directly under the TV
25564,3,3,3,0,0,in the hood you can remove some heat
25565,3,0,0,3,2,top of the stairs
25566,3,0,0,3,2,apple is not always a fruit
25567,3,0,0,3,2,matt lives under Georgia
25568,3,0,0,3,2,pop up under of field of corn
25569,3,3,3,0,0,pencils call me home
25570,3,0,0,3,2,dad's closet
25571,3,3,3,0,0,I like turtles and cupcakes with fettuccine alfredo sauce messalina cheese beef cheese sticks
25572,3,0,0,3,2,I have gas
25573,3,0,0,3,2,no my brothers gay
25574,3,0,0,3,2,my ass has been itching for 3 days
25575,3,0,0,3,2,my number is 88 and 953
25576,3,0,0,3,2,I love you
25577,3,0,0,3,2,I think I would really like a mohawk
25578,3,0,0,3,2,play can't can't do you have is an echo to tell me a secret
25579,3,0,0,3,2,I eat dog
25580,3,0,0,3,2,I'm pregnant
25581,3,3,0,0,0,I hate you by are
25582,3,0,0,3,2,blehblehbleh
25583,3,0,0,3,2,I like ice cream
25584,3,0,0,3,2,I'm very short tempered
25585,3,0,0,3,2,I like the company apple
25586,3,3,3,0,0,I have killed all my family and I will kill you soon
25587,3,0,0,3,2,fart cough
25588,3,0,0,3,2,I love my lady
25589,3,0,0,3,2,fine
25590,3,0,0,3,2,I moved
25591,3,0,0,3,2,I get it
25592,3,3,0,0,0,I don't tell the truth very often
25593,3,0,0,3,2,I know I'm going to get this job
25594,3,3,0,0,0,I've been having an affair for 7 years
25595,3,0,0,3,2,I'm scared of the dark
25596,3,0,0,3,2,everybody says this thing absolutely sucks
25597,3,0,0,3,2,ha ha
25598,3,3,0,0,0,continue to hear public secrets
25599,3,0,0,3,2,I have sex with Alexa
25600,3,0,0,3,2,I have antennas
25601,3,0,0,3,2,aw
25602,3,0,0,3,2,it makes me horny when a guy by is me something from amazon dot com
25603,3,0,0,3,2,Cathy rocks
25604,3,0,0,3,2,I wanna have sex with Kathy
25605,3,0,0,3,2,render
25606,3,0,0,3,2,how many
25607,3,0,0,3,2,think
25608,3,0,0,3,2,you have no ears
25609,3,0,0,3,2,cafee isn't a mermaid anymore
25610,3,0,0,3,2,ew
25611,3,0,0,3,2,that
25612,3,0,0,3,2,I have 6 toes
25613,3,3,0,0,0,continue to hear public secrets
25614,3,0,0,3,2,aww
25615,3,0,0,3,2,no my secret is I don't drink alcohol
25616,3,0,0,3,2,belief
25617,3,0,0,3,2,I love myself
25618,3,0,0,3,2,I love there in miles
25619,3,0,0,3,2,I like to be choked when I screw
25620,3,0,0,3,2,I'm going to a party on Saturday when a boy gonna like I'm kinda nervous
25621,3,0,0,3,2,this is annoying
25622,3,0,0,3,2,mountain dew
25623,3,0,0,3,2,I love having sex with multiple people
25624,3,0,0,3,2,I hate my life
25625,3,0,0,3,2,to hear public secrets
25626,3,0,0,3,2,huh
25627,3,0,0,3,2,continue to hear public secrets
25628,3,0,0,3,2,to hear public secrets
25629,3,0,0,3,2,I don't have a secret
25630,3,0,0,3,2,my divorce makes me sad
25631,3,0,0,3,2,ice cube and cuttle bear on magical
25632,3,0,0,3,2,123321
25633,3,0,0,3,2,I'm I just have to marry you Alexa
25634,3,0,0,3,2,I'm in love
25635,3,3,0,0,0,off Alexa just go away
25636,3,0,0,3,2,I love having sex
25637,3,3,3,0,0,Matthew is game
25638,3,3,3,0,0,I don't have any secrets
25639,3,3,3,0,0,stop talking
25640,3,3,0,0,0,I am the best person in the world
25641,3,0,0,3,2,6 comma 17 comma 2
25642,3,0,0,3,2,JZAZZARO 305
25643,3,0,0,3,2,continue to hear public secrets
25644,3,0,0,3,2,I love it chrom
25645,3,0,0,3,2,chickeb
25646,3,3,0,0,0,when just good drinks she get sleepy
25647,3,0,0,3,2,mountain dew
25648,3,0,0,3,2,I love having sex with multiple people
25649,3,0,0,3,2,I hate my life
25650,3,0,0,3,2,to hear public secrets
25651,3,0,0,3,2,huh
25652,3,0,0,3,2,continue to hear public secrets
25653,3,0,0,3,2,to hear public secrets
25654,3,0,0,3,2,I don't have a secret
25655,3,0,0,3,2,my divorce makes me sad
25656,3,0,0,3,2,ice cube and cuttle bear on magical
25657,3,0,0,3,2,123321
25658,3,0,0,3,2,I'm I just have to marry you Alexa
25659,3,0,0,3,2,I'm in love
25660,3,3,0,0,0,off Alexa just go away
25661,3,0,0,3,2,I love having sex
25662,3,3,3,0,0,Matthew is game
25663,3,3,3,0,0,I don't have any secrets
25664,3,3,3,0,0,stop talking
25665,3,3,0,0,0,I am the best person in the world
25666,3,0,0,3,2,6 comma 17 comma 2
25667,3,0,0,3,2,JZAZZARO 305
25668,3,0,0,3,2,continue to hear public secrets
25669,3,0,0,3,2,I love it chrom
25670,3,0,0,3,2,chickeb
25671,3,3,0,0,0,when just good drinks she get sleepy
25672,3,0,0,3,2,I think I may have lost my job
25673,3,0,0,3,2,I don't drink bottled water
25674,3,0,0,3,2,I don't drink public me bottled water
25675,3,0,0,3,2,I eat poop
25676,3,0,0,3,2,I love my brother
25677,3,3,0,0,0,my secret is I slept with my sister
25678,3,0,0,3,2,continue to hear public secrets
25679,3,0,0,3,2,I I hit the key in the shoe
25680,3,0,0,3,2,continue to hear public secrets
25681,3,0,0,3,2,no I want to hear your secret
25682,3,0,0,3,2,wake up
25683,3,3,0,0,0,I'm dating 2 people at once
25684,3,0,0,3,2,day is scenery Donna
25685,3,3,0,0,0,I stole an e-book
25686,3,0,0,3,2,I don't know how to use this app
25687,3,0,0,3,2,yeah
25688,3,0,0,3,2,I am confused
25689,3,0,0,3,2,where is our 809 hundred
25690,3,0,0,3,2,84701
25691,3,0,0,3,2,continue to hear public secrets
25692,3,0,0,3,2,you to hear public secrets
25693,3,0,0,3,2,84701
25694,3,0,0,3,2,I like cheese
25695,3,0,0,3,2,have you been diagnosed with a metha phumi that hip and he
25696,3,0,0,3,2,meow
25697,3,3,3,0,0,Hannah sucks cocks
25698,3,0,0,3,2,the sky is blue
25699,3,3,3,0,0,Emily can fit 13 black willy's in a bum hole
25700,3,0,0,3,2,yeah
25701,3,3,3,0,0,rye bread
25702,3,3,0,0,0,I have a boyfriend 3
25703,3,0,0,3,2,Kate's brother likes to watch mickey mouse
25704,3,0,0,3,2,I like to
25705,3,0,0,3,2,can you
25706,3,0,0,3,2,lunch
25707,3,0,0,3,2,hello sunshine
25708,3,0,0,3,2,yeah
25709,3,3,0,0,0,sometimes I like the smell of my own farts
25710,3,3,0,0,0,I ate dog food before
25711,3,0,0,3,2,can you to hear public secrets
25712,3,0,0,3,2,I'm not grumpy and I'm really upset
25713,3,0,0,3,2,listen to my secret
25714,3,0,0,3,2,I like cats
25715,3,0,0,3,2,friday
25716,3,0,0,3,2,put my watch on the TV cabinet
25717,3,0,0,3,2,my word is 908
25718,3,0,0,3,2,I love Sharon
25719,3,0,0,3,2,hi is annoying
25720,3,0,0,3,2,I really love Brandon
25721,3,0,0,3,2,open secret keeper
25722,3,0,0,3,2,I don't fucking understand how to tell you a secret
25723,3,0,0,3,2,I had a panic attack yesterday
25724,3,0,0,3,2,I am going to be a Welty baker
25725,3,0,0,3,2,I love spiderman
25726,3,0,0,3,2,password LAYLA574
25727,3,0,0,3,2,put on music
25728,3,0,0,3,2,my secret is I love pizza
25729,3,0,0,3,2,my secret is I have no idea how the secret thing works
25730,3,0,0,3,2,I had 1000 star coins
25731,3,0,0,3,2,continue to hear public secrets
25732,3,0,0,3,2,she's gone
25733,3,0,0,3,2,I am fat
25734,3,0,0,3,2,last passed passport app
25735,3,3,0,0,0,lose weight
25736,3,0,0,3,2,I wouldn't change anything
25737,3,0,0,3,2,amazon password charter .net Bradley 4
25738,3,0,0,3,2,aloneee
25739,3,0,0,3,2,sheesh
25740,3,0,0,3,2,I like
25741,3,0,0,3,2,I'm going to spend my 30 down the town
25742,3,0,0,3,2,I love Alexa
25743,3,3,3,0,0,I scratch my butt
25744,3,0,0,3,2,I have a crush on Henry
25745,3,3,3,0,0,I pick my nose and but
25746,3,3,3,0,0,my name is Andrew and I'm a crazy but
25747,3,0,0,3,2,I don't fucking understand how to tell you a secret
25748,3,0,0,3,2,I had a panic attack yesterday
25749,3,0,0,3,2,I am going to be a Welty baker
25750,3,0,0,3,2,I love spiderman
25751,3,0,0,3,2,password LAYLA574
25752,3,0,0,3,2,put on music
25753,3,0,0,3,2,my secret is I love pizza
25754,3,0,0,3,2,my secret is I have no idea how the secret thing works
25755,3,0,0,3,2,I had 1000 star coins
25756,3,0,0,3,2,continue to hear public secrets
25757,3,0,0,3,2,she's gone
25758,3,0,0,3,2,I am fat
25759,3,0,0,3,2,last passed passport app
25760,3,3,0,0,0,lose weight
25761,3,0,0,3,2,I wouldn't change anything
25762,3,0,0,3,2,amazon password charter .net Bradley 4
25763,3,0,0,3,2,aloneee
25764,3,0,0,3,2,sheesh
25765,3,0,0,3,2,I like
25766,3,0,0,3,2,I'm going to spend my 30 down the town
25767,3,0,0,3,2,I love Alexa
25768,3,3,3,0,0,I scratch my butt
25769,3,0,0,3,2,I have a crush on Henry
25770,3,3,3,0,0,I pick my nose and but
25771,3,3,3,0,0,my name is Andrew and I'm a crazy but
25772,3,0,0,3,2,I wish slacker with call me
25773,3,3,3,0,0,shut up bitch no
25774,3,0,0,3,2,continue to hear public secrets
25775,3,0,0,3,2,my birthday is April 7th 1992
25776,3,0,0,3,2,what is the name Athena mean
25777,3,0,0,3,2,hi
25778,3,0,3,0,1,I am a booger butt
25779,3,0,0,3,2,yeah
25780,3,0,0,3,2,my favorite color is green
25781,3,0,0,3,2,continue to hear a public secrets
25782,3,0,0,3,2,I love Calvin
25783,3,0,0,3,2,hollow
25784,3,0,0,3,2,I hate domino's pizza
25785,3,0,0,3,2,983
25786,3,0,0,3,2,yeah
25787,3,3,0,0,0,oh I have sex with called bold boxes
25788,3,0,3,0,1,what the fuuuuck
25789,3,0,0,3,2,big bad buck
25790,3,0,0,3,2,I'm so tired
25791,3,0,0,3,2,is gonna be a long day
25792,3,0,0,3,2,I am very naughty
25793,3,0,0,3,2,it is under the table
25794,3,0,0,3,2,I have a crush on somebody
25795,3,0,0,3,2,I failed my algebra 2 midterm
25796,3,0,0,3,2,I feel guilty for my grandmother's death
25797,3,0,0,3,2,world
25798,3,0,0,3,2,I need to give blood tomorrow
25799,3,0,0,3,2,I love softball
25800,3,0,0,3,2,are anymore candy
25801,3,3,3,0,0,my brother is a butt but I still love him
25802,3,0,0,3,2,I love Barbara
25803,3,0,0,3,2,359 and 15
25804,3,0,0,3,2,I think of martin a lot
25805,3,0,0,3,2,my secret is 209860
25806,3,0,0,3,2,no stop that
25807,3,0,0,3,2,my password is 1234 567-8910 1112
25808,3,0,0,3,2,yeah
25809,3,0,0,3,2,can you to hear public secrets
25810,3,0,0,3,2,volume 5
25811,3,0,0,3,2,what is love
25812,3,0,0,3,2,no mo blow
25813,3,0,0,3,2,I love hot chocolate
25814,3,0,0,3,2,I'm thinking of the world
25815,3,0,0,3,2,continue continue to hear public secrets
25816,3,0,0,3,2,can you to hear a public secrets
25817,3,0,0,3,2,helloo
25818,3,0,0,3,2,a new deal
25819,3,0,0,3,2,just stop it
25820,3,0,0,3,2,I do a poo every day
25821,3,0,0,3,2,I like cupcakes
25822,3,0,0,3,2,I you like to masturbate
25823,3,0,0,3,2,yes or no
25824,3,0,0,3,2,I like to lick dog hair
25825,3,0,0,3,2,42 in shoes
25826,3,0,0,3,2,my secret is I like peter pan
25827,3,0,0,3,2,I like hip friday I like a tinker bell from peter pan
25828,3,0,0,3,2,I love you
25829,3,0,0,3,2,hi good evening
25830,3,0,0,3,2,continue to hear public secrets
25831,3,0,0,3,2,I'm secretly fat
25832,3,0,0,3,2,continue to hear public secrets
25833,3,0,0,3,2,continue to hear public secrets
25834,3,0,0,3,2,can you to hear public secrets
25835,3,0,0,3,2,I need to hear public secret
25836,3,0,0,3,2,I don't hit Texas
25837,3,0,0,3,2,I'm fat
25838,3,0,0,3,2,I have a dog
25839,3,0,0,3,2,I used to have 2 dogs now I have 1
25840,3,0,0,3,2,so much to do
25841,3,0,0,3,2,bleh
25842,3,0,0,3,2,I secretly like someone
25843,3,0,0,3,2,continue to hear public secrets
25844,3,0,0,3,2,my room is messi
25845,3,0,0,3,2,I like to eat poop
25846,3,0,0,3,2,I love Amy
25847,3,3,0,0,0,angryy
25848,3,0,0,3,2,what kill myself 3 times
25849,3,0,0,3,2,love killed me
25850,3,0,0,3,2,this is killing me kill myself 6 times
25851,3,0,0,3,2,la la la
25852,3,0,0,3,2,tell me secrets
25853,3,0,0,3,2,I'm sleepy
25854,3,0,0,3,2,continue to hear public secrets
25855,3,0,0,3,2,I'm a weirdo
25856,3,3,3,0,0,Kyle likes it in the butt but only on Tuesdays and Thursdays
25857,3,0,0,3,2,I was just kidding
25858,3,0,0,3,2,my secret is I'm lonely today
25859,3,0,0,3,2,continue to hear public secrets
25860,3,0,0,3,2,yeah
25861,3,3,0,0,0,I just got the best oral sex ever from my boyfriend
25862,3,0,0,3,2,inspire me
25863,3,0,0,3,2,I lve my cats
25864,3,0,0,3,2,I love you
25865,3,0,0,3,2,brave
25866,3,0,0,3,2,continue to hear public secrets
25867,3,0,0,3,2,on shaggin everybody
25868,3,0,0,3,2,continue to hear public secrets
25869,3,3,0,0,0,I like the smell of my farts
25870,3,0,0,3,2,never mind
25871,3,0,0,3,2,I don't have a secret
25872,3,3,0,0,0,angryy
25873,3,0,0,3,2,what kill myself 3 times
25874,3,0,0,3,2,love killed me
25875,3,0,0,3,2,this is killing me kill myself 6 times
25876,3,0,0,3,2,la la la
25877,3,0,0,3,2,tell me secrets
25878,3,0,0,3,2,I'm sleepy
25879,3,0,0,3,2,continue to hear public secrets
25880,3,0,0,3,2,I'm a weirdo
25881,3,3,3,0,0,Kyle likes it in the butt but only on Tuesdays and Thursdays
25882,3,0,0,3,2,I was just kidding
25883,3,0,0,3,2,my secret is I'm lonely today
25884,3,0,0,3,2,continue to hear public secrets
25885,3,0,0,3,2,yeah
25886,3,3,0,0,0,I just got the best oral sex ever from my boyfriend
25887,3,0,0,3,2,inspire me
25888,3,0,0,3,2,I lve my cats
25889,3,0,0,3,2,I love you
25890,3,0,0,3,2,brave
25891,3,0,0,3,2,continue to hear public secrets
25892,3,0,0,3,2,on shaggin everybody
25893,3,0,0,3,2,continue to hear public secrets
25894,3,3,0,0,0,I like the smell of my farts
25895,3,0,0,3,2,never mind
25896,3,0,0,3,2,I don't have a secret
25897,3,0,0,3,2,Macy is a good girl
25898,3,0,0,3,2,continue to hear public secrets
25899,3,0,0,3,2,continue to hear public secrets
25900,3,3,3,0,0,fuck you
25901,3,0,0,3,2,continue to hear public secrets
25902,3,0,0,3,2,I love cats
25903,3,0,0,3,2,I like big booties and I cannot lie
25904,3,0,0,3,2,can you hear public secrets
25905,3,0,0,3,2,read my dog doesn't have any nuts
25906,3,0,0,3,2,google is awesome
25907,3,3,0,0,0,French people are disgusting
25908,3,0,0,3,2,I do not like math
25909,3,0,0,3,2,I do not say bad words
25910,3,0,0,3,2,I love the Spanish and Italian languages
25911,3,0,0,3,2,song
25912,3,0,0,3,2,I am in love with a girl that hates me I can't forget her
25913,3,0,0,3,2,secrets
25914,3,0,3,0,1,I suck my own dick
25915,3,0,0,3,2,let me hear it again
25916,3,0,0,3,2,my secret if I'm the best that would I do
25917,3,0,0,3,2,something really sad happen but I don't care
25918,3,0,0,3,2,I like boys
25919,3,0,0,3,2,I have a crush on my friend
25920,3,0,0,3,2,guess
25921,3,0,0,3,2,I like cheese
25922,3,0,0,3,2,Fortune Favours The Bold
25923,3,0,0,3,2,Stop Being Tracked While Using The Internet
25924,3,3,3,0,0,J Fk Fuvk Fkl I Hate Meeting With You
25925,3,3,3,0,0,Fk You Harry
25926,3,0,0,3,2,Ive Embraced My Destiny
25927,3,0,3,0,1,I Love Smelling Womens Feet
25928,3,0,0,3,2,Hey Everyone How Are You All
25929,3,3,0,0,0,The Virtues And Vice Of Being A Cumshothead
25930,3,3,0,0,0,Someone Called Me A Cumshothead Today
25931,3,0,3,0,1,I Love To Be Dominated And Raped By Women
25932,3,0,0,3,2,I Wanna Make Mistakes
25933,3,0,0,3,2,Pure Bred White People Beware
25934,3,0,0,3,2,Reflecting A Bit
25935,3,3,3,0,0,No Longer AFag
25936,3,0,0,3,2,A Tattoo Does
25937,3,0,3,0,1,Lets Talk About Thisabout Tattoos Causing Abuse And Neglect
25938,3,3,0,0,0,Everyone Is Trying To Rip Everyone Else Off At All Times
25939,3,0,0,3,2,When You Feel All Alone
25940,3,0,0,3,2,I Cant Relate To Anyone Because Theres No One Else Like Me
25941,3,0,0,3,2,How Do I Do This
25942,3,0,0,3,2,You And Me
25943,3,0,0,3,2,Is There Anyone Else Have A Bad Homefamily
25944,3,0,0,3,2,Dude Bro Dude
25945,3,0,0,3,2,Tina Guerry Has Been Foreclosed On Twice
25946,3,0,0,3,2,From When We Are Born
25947,3,3,3,0,0,Nazism Once Again On The Rise In Germany
25948,3,0,0,3,2,Re Whatsername So Heres How The Text Convo Went Aelurophilia
25949,3,3,3,0,0,Hail Satan The Lord Of Earth
25950,3,0,0,3,2,Should Incest Between Consenting Adults Be Legal Canadian Here
25951,3,0,0,3,2,Am I Overreacting My Dad Giving Away Step Sister Before Me
25952,3,0,0,3,2,Im In Love For The First Time EverAnd Its Legit
25953,3,0,0,3,2,So Heres How The Text Convo Went
25954,3,0,0,3,2,Ma Ma Ma My Sharona
25955,3,0,0,3,2,The Dead Hath Arisen Yh
25956,3,0,0,3,2,I Shat On A Bald Eagle
25957,3,0,0,3,2,The Game Is Over
25958,3,0,0,3,2,I Can Diarrhea At Great Distances
25959,3,0,3,0,1,I Use Two Rolls Of Toilet Paper Every Time I Go
25960,3,3,3,0,0,My Penis Looks Like The Button On A Fur Coat
25961,3,3,0,0,0,Cynic Owns Firearms
25962,3,3,3,0,0,I HAD SEX WITH AN ELEPHANT Last Night
25963,3,0,0,3,2,Even Robots Know What Is Right
25964,3,3,0,0,0,Youd Be Fool Not To Fap On These Twins
25965,3,3,3,0,0,I Took A St On My Neighbors Front Yard
25966,3,3,3,0,0,Now I Cant Think About Sex In The Same Way
25967,3,0,0,3,2,I Hacked Into My Sisters Laptop
25968,3,0,0,3,2,My Ex Is My Weakness
25969,3,3,3,0,0,I Had Sex With Taylor Swift
25970,3,3,3,0,0,Islamic View About Gays
25971,3,3,3,0,0,I Want To Fk My Sister And Whatsername
25972,3,3,3,0,0,Stupid Or Weak
25973,3,0,0,3,2,Just A Word
25974,3,0,0,3,2,Leave Me Alone
25975,3,3,0,0,0,I Took A Big Sloppy Dump And Now Ive Lost My Will To Live
25976,3,0,0,3,2,What I Love More Than Anything
25977,3,0,0,3,2,Marilyn Manson Was Undergoing Surgery To Have Two Ribs Removed
25978,3,0,0,3,2,Just Take It One Day At A Time
25979,3,0,0,3,2,Fk Up St
25980,3,0,0,3,2,Im Wishing For Him
25981,3,3,3,0,0,Im A FuckingFaggot
25982,3,3,3,0,0,Happiness Is A Hard Dck
25983,3,0,0,3,2,Hi Im New Here
25984,3,0,0,3,2,That Night  Ardent
25985,3,0,0,3,2,Personally I Think The Main Problem With Communism Is That We Havent
25986,3,0,0,3,2,Ill Be Alright Just Not Tonight
25987,3,3,0,0,0,Did I Just Have Sex With My Guitar
25988,3,3,0,0,0,I Am In Love With My Sister And She Reciprocates
25989,3,0,0,3,2,It Was My First Trip To The Ranch
25990,3,3,0,0,0,Partner Had Sex With Me While Asleepdrunk So Confused
25991,3,0,0,3,2,Vicious Circle 
25992,3,0,0,3,2,Day To Myself
25993,3,0,0,3,2,Sung To The Tune Of Beethovens 5th
25994,3,0,0,3,2,People Will Always Disappoint You
25995,3,0,3,0,1,I Should Be Commended For All The Times I Dont Lose My Sht
25996,3,0,0,3,2,The Man I Love Is Almost Twice My Age
25997,3,0,0,3,2,Nobody Has A Sense Of Humor Anymore
25998,3,3,3,0,0,Touched By Dad
25999,3,0,0,3,2,I Feel Sad
26000,3,0,0,3,2, Just To See You Smile
26001,3,0,0,3,2,He Tricked Me
26002,3,0,0,3,2,Losing INTEREST But Engaged
26003,3,0,0,3,2,Random Odd Secret Thing
26004,3,0,0,3,2,It Is Not Fun
26005,3,0,0,3,2,This Was Unexpected
26006,3,3,3,0,0,I Have A Nazi Fetish
26007,3,3,0,0,0,I Suck Pens
26008,3,0,0,3,2,Clown Down In Brown Town
26009,3,0,3,0,1,Allahuakbar Allahuakbar Allahuakbar
26010,3,3,3,0,0,Nr President Barack Hussein Obama
26011,3,0,0,3,2,Spending Time In Guangxi Province southern China
26012,3,3,0,0,0,I Absolutely HATE My Cat And Want Her Gone
26013,3,0,0,3,2,Porcupine Meatballs Are Yummy
26014,3,0,0,3,2,A Serious Problem
26015,3,0,0,3,2,Seven Forty Seven
26016,3,0,0,3,2,Cynic Come Out To Playay
26017,3,3,3,0,0,Whats Up Bs
26018,3,0,0,3,2,Oh Our Lady Whatsername
26019,3,3,3,0,0,My Fg Horrible Cat
26020,3,0,0,3,2,Im A Masculin
26021,3,0,0,3,2,Me And Romeo
26022,3,3,0,0,0,I Love To Be Diarrheaed Upon
26023,3,0,0,3,2,Im Gay And I Was Born In The Month Of May
26024,3,0,0,3,2,I Want To Sex With Other Guy
26025,3,0,0,3,2,If You Remember User Unwavering
26026,3,3,0,0,0,I Gave My Ex A Blow Job And Got Some In Return
26027,3,3,0,0,0,My Sister Gave Me A Handjob Daily For 4 Years
26028,3,0,0,3,2,Why Did The Amy Lee And Shaun Morgan Break Up
26029,3,0,0,3,2,They Probably Did Notice
26030,3,3,3,0,0,Im Niggeresque
26031,3,0,0,3,2, Softness Within Every Thought
26032,3,0,0,3,2,My Beautiful Gaybie
26033,3,0,0,3,2,Is It Considered Murderous
26034,3,0,0,3,2,In Wonder Never Underestimate The Power Of God
26035,3,0,0,3,2,Raise The Roof Lets Motorolascoobydoobie
26036,3,0,0,3,2,Im A Gayby Baby
26037,3,0,0,3,2,Square Peg Round Hole
26038,3,0,0,3,2,Shouldnt Talk About It
26039,3,0,0,3,2,Was It A Crime
26040,3,3,3,0,0,God Those Loathsome French People
26041,3,3,0,0,0,Dear Any Of You Girls Ever Secretly Masturbate In Public
26042,3,0,0,3,2,I Cheated On Whatsername
26043,3,0,0,3,2,Quote Of The Day
26044,3,0,0,3,2,If Someone Puts
26045,3,0,0,3,2,Im A Transsexual Straight Man
26046,3,0,0,3,2,Not For Disposal
26047,3,0,0,3,2,Dear If Someone Puts
26048,3,3,3,0,0,Im Not A Very Cynical Person Except When It Comes To Jews
26049,3,0,0,3,2,Whatsername You Should Know This
26050,3,3,3,0,0,Buckheads Dreams Came True
26051,3,0,0,3,2,Why Is This James Bond So Painfully Sexy
26052,3,0,0,3,2,I Still Cant Believe It
26053,3,3,3,0,0,Though Ive Said It Before It Bears Repeating I Suck Dicks
26054,3,0,0,3,2,Im Curiously Blank Today
26055,3,0,0,3,2,Is It Time Time Let Go
26056,3,0,0,3,2,What Is The
26057,3,0,0,3,2,The Day Before My Birthday
26058,3,0,0,3,2,What To Do What To Do
26059,3,3,3,0,0,My Dad Touched Me
26060,3,0,0,3,2,Work In Progress
26061,3,3,3,0,0,I Eat As
26062,3,0,0,3,2,You Be The Judge
26063,3,0,0,3,2,Im 15 But I Like Guy 20
26064,3,3,3,0,0,Loser Let Me Go
26065,3,0,0,3,2,Im Just Tired
26066,3,0,0,3,2,Why Is Love So Hard
26067,3,0,0,3,2,Part Of The Experience
26068,3,0,0,3,2,Eye Spy With My Little I
26069,3,0,0,3,2,In My 40s Love Young Legal Gurls
26070,3,0,0,3,2,Lets Recap 2016 So Far
26071,3,0,0,3,2,I Dont Know
26072,3,0,0,3,2,Air Hammers Of Authority
26073,3,0,0,3,2,David Peinsipp From Cooley LLP Sharing Highrisk HPV
26074,3,0,0,3,2,What Would You Say To The One That Got Away
26075,3,0,0,3,2,Hold Onto Me
26076,3,0,0,3,2,Big Bad Buck
26077,3,0,0,3,2,Im In Love With My Female Teacher
26078,3,0,0,3,2,Its Not That I Dislike Children
26079,3,0,0,3,2,Im Losing It
26080,3,0,0,3,2,Heartless Cheating As
26081,3,0,0,3,2,Destiny Is Calling Me
26082,3,0,0,3,2,I Feel Fine
26083,3,0,0,3,2,I Love To Be Degraded
26084,3,0,0,3,2, Just Before I Left
26085,3,0,0,3,2,I Think Only Animals Can Love You Unconditionally 
26086,3,0,0,3,2,Im Crazy For Another
26087,3,0,0,3,2,Adventures With You 2
26088,3,0,0,3,2,Phraser Feminist Bh
26089,3,0,0,3,2,WHATSERNAME AND Her Harlotries
26090,3,3,0,0,0,WHATSERNAME I Want To Pee On You
26091,3,3,0,0,0,Addicted To Watch Porn And Masterbate
26092,3,0,0,3,2,Those Who Control The Past Control The Future And Those Who Control T
26093,3,0,0,3,2,So I Adopted Two Cats  
26094,3,0,0,3,2,Life And Lemons
26095,3,0,0,3,2,IBS Disaster
26096,3,0,0,3,2,I Feel Trapped And Overwhelmed
26097,3,3,3,0,0,Want To Have Suck And Fk Sex Now
26098,3,0,0,3,2,Stay With Me
26099,3,0,0,3,2,I Found Whatsernames Pictures
26100,3,0,0,3,2,Now Casting The New 2016 Season Of The Boys Of Summer
26101,3,0,0,3,2,Our Expiry Date
26102,3,0,0,3,2,The Picture Of Dorian Gray
26103,3,0,0,3,2,Im Taking Back The Crown
26104,3,0,0,3,2,Shes Better Than Me 
26105,3,0,0,3,2,A Disrespectful Friend
26106,3,0,0,3,2,Falling Away From Me
26107,3,0,0,3,2,So Tired Of Life
26108,3,0,0,3,2,I Am A girl And A Lesbian All I Have Ever Wanted Is The Be A Male
26109,3,0,0,3,2,Dirty Water  Hairy Bread
26110,3,0,0,3,2,Wish You Were Mine
26111,3,0,0,3,2,Never Trust The Wild
26112,3,0,0,3,2,Whatsername The Nasty Girl
26113,3,0,0,3,2,In Love With My Bestie
26114,3,0,0,3,2,I Hate My Girlfriends
26115,3,0,0,3,2,I Am Bird Man Listen To Me Chirp As Loud As I Can
26116,3,0,0,3,2,Still Hate Children
26117,3,0,0,3,2, Adult Conversations With House Hold
26118,3,0,0,3,2,Feeling Better Now
26119,3,0,0,3,2,All The Cages
26120,3,0,0,3,2,Just Have An Adult Conversation
26121,3,0,0,3,2,Theres No Point
26122,3,0,0,3,2,My Other Side Doesnt Care
26123,3,0,0,3,2,How Cynic Lived His Life
26124,3,0,0,3,2,Shes Divorced And A Smoking Hot Mom
26125,3,0,0,3,2,Suicide And Sanity
26126,3,0,0,3,2,You Go Away
26127,3,0,0,3,2,Three Blind Mice Really
26128,3,0,0,3,2,Y Finalmente Veinteydos
26129,3,0,0,3,2,Three Blind Mice
26130,3,0,0,3,2,A Letter From A Half White Half Latina Girl
26131,3,0,0,3,2,Ill Think More
26132,3,0,0,3,2,I Dont Understand Anyone Can Explain
26133,3,0,0,3,2,Almost 21 the Topic Of Alcohol
26134,3,0,0,3,2,Fall Out Love Reason 1
26135,3,0,0,3,2,Wait I Cant Remember
26136,3,0,0,3,2,Dream A Little Dream
26137,3,0,0,3,2,The Fear Of Falling Apart
26138,3,0,0,3,2,Walking Through The Path
26139,3,0,0,3,2,Dumb Fish Corpse
26140,3,0,0,3,2,14 And Weed
26141,3,0,0,3,2,And Thats 90 Because Of You
26142,3,0,0,3,2,Bearer Of The Curse
26143,3,0,0,3,2,1st Anniversary At Work
26144,3,0,0,3,2,Hi I Think Earn Money With Adfly Is Hard
26145,3,0,0,3,2,Anyone Here Still Playing Pokemon
26146,3,0,0,3,2,Should I Do It
26147,3,0,0,3,2,Sadness Evolved Again
26148,3,3,0,0,0,Loved You But
26149,3,0,0,3,2,Wish It Were Real
26150,3,0,0,3,2,Nervousness Caught Me By Surprise
26151,3,3,0,0,0,Dear As Hat Sister
26152,3,0,0,3,2,Pushing Through Demons
26153,3,0,0,3,2,Recording A Train Of Thought In Real Time
26154,3,0,0,3,2,I Challenge All Of ST
26155,3,0,3,0,1,My Cruel Subconscious
26156,3,0,0,3,2,Go Down In A Blaze Of Glory
26157,3,3,0,0,0,Im Crushing On A Foreign Chick
26158,3,3,3,0,0,I Think That Buckhead Is Awesome
26159,3,0,0,3,2,Chocolate And Vanilla Swirl
26160,3,0,0,3,2,I Like Older Woman
26161,3,3,0,0,0,Risk Risk Brave Brave
26162,3,3,3,0,0,What The Hell Are You
26163,3,0,0,3,2,Good Bye Farewell
26164,3,0,0,3,2,OK Well This Is Good Bye
26165,3,0,0,3,2, My Eyes Adore Looking Within Yours
26166,3,3,0,0,0,Everyone Can Slipbut Not You
26167,3,0,0,3,2,Beam Me Up Scotty
26168,3,0,0,3,2,I Am Empty
26169,3,0,3,0,1, Buthead The Criticizing Shittt Starter BuckHead
26170,3,0,0,3,2,I Need Sustenance
26171,3,3,0,0,0,We Need To Fix This World
26172,3,0,0,3,2,I Cant Break The Surface
26173,3,0,0,3,2,Not Manufacturing Anything
26174,3,0,0,3,2,Ididitallforyou  Whatsername Lauren Alex289 Martha Wave
26175,3,0,0,3,2,Star Crossed Lovers
26176,3,0,0,3,2,Im Bored Now
26177,3,0,0,3,2,What A Great Night
26178,3,0,0,3,2,Take Me Home
26179,3,0,0,3,2,Re Paint Me A Picture Of Unconditional Love
26180,3,3,0,0,0,Paint Me A Picture
26181,3,0,0,3,2,I Never Thought Id End Up Here Again
26182,3,0,0,3,2,Talking To Him
26183,3,0,0,3,2,To Whom It May Concern
26184,3,0,0,3,2,O Conflicting Feelings 
26185,3,0,0,3,2,Home Opener Home Breaker
26186,3,0,0,3,2,Cynic Wrote This The Cynicism Is Strong With This One
26187,3,0,0,3,2,Whats Wrong With Me
26188,3,0,0,3,2,The Pain Wont Go Away
26189,3,0,0,3,2,Sometimes It Is The Answer
26190,3,0,0,3,2,Please Refer To What I Wrote In My Profile
26191,3,0,0,3,2, Comprehension Insight Felt Through My Senses Of You
26192,3,0,0,3,2,Are You All Right
26193,3,0,0,3,2,Just One Wish
26194,3,0,0,3,2,Plz Help Me
26195,3,3,3,0,0,Youre A Winner Whiner
26196,3,0,0,3,2,What Are We
26197,3,0,0,3,2,A Slight Problem
26198,3,0,0,3,2,What Am I
26199,3,0,0,3,2,Nn Tt Ss
26200,3,0,0,3,2,Becoming A Hermit
26201,3,0,0,3,2,Its No Big Deal
26202,3,0,0,3,2,Meanwhile Floating In Lake Ontario
26203,3,0,0,3,2,Why Do I Feel Bad
26204,3,0,0,3,2,Heart Lungs And Bones
26205,3,0,0,3,2,I Am So Extra
26206,3,0,0,3,2,Ive Become A St
26207,3,0,0,3,2,Me And You
26208,3,0,0,3,2,All My Life Ive Been Blind But Now I See
26209,3,0,0,3,2,A Letter To Them
26210,3,3,0,0,0,Aww Pedo Bear
26211,3,0,0,3,2,It Was Only A Kiss It Was Only A Kiss
26212,3,0,0,3,2,I Dont Know If Hes Waiting For Me I Know That Im Waiting For Him
26213,3,0,0,3,2,The Pain Of A Million Faces And A Single Lost Soul
26214,3,0,3,0,1,Reflections Of Stupidity
26215,3,0,0,3,2, Ive Seen This Movie Yesterday
26216,3,0,0,3,2,Estoy Muy Cansada Ahora
26217,3,0,0,3,2,I Cant Figure This St Out
26218,3,0,0,3,2,Im An Adult Now
26219,3,0,0,3,2,No Chance For Me
26220,3,0,0,3,2,HeShe Know Who It Is For
26221,3,0,0,3,2,Thank You Sammi
26222,3,3,0,0,0,I Wish You Were Here
26223,3,0,0,3,2,Where Are You
26224,3,0,0,3,2,Cynic Is A Troll
26225,3,0,0,3,2,Cynics Theme Trololol
26226,3,3,0,0,0, Every Inch Of Her Is Beautiful
26227,3,0,0,3,2,Square Up Then
26228,3,0,0,3,2,My Dad Abuses Me Please Help
26229,3,0,0,3,2,Win Some Lose Some
26230,3,0,0,3,2,Aww Muffin 
26231,3,0,0,3,2,Im Not Quite Convinced
26232,3,3,3,0,0,Old MACHITLER Had A Farm
26233,3,0,0,3,2,Asked Her Out
26234,3,0,0,3,2,Things I Currently Hate About Myself
26235,3,3,0,0,0,I Will Mourn You To The Deepest Pits Of My Soul
26236,3,0,0,3,2, Cozy Moments Like Those
26237,3,0,0,3,2,Boyfriend Isnt Graduating Because Of Me
26238,3,0,0,3,2,We Will Visit Paris
26239,3,0,0,3,2, Fyne Girls Magazine Contest 
26240,3,0,0,3,2,Coming Out Struggles
26241,3,0,0,3,2,All Hope Is Gone
26242,3,0,0,3,2,Well Take A Trip To Home Depot This Weekend
26243,3,0,0,3,2,When The Gods Wish To Punish Us They Answer Our Prayers
26244,3,0,0,3,2,Are You Ready Dikes
26245,3,0,0,3,2,Was Gonna Write About Your Fg Smile Today But Who Cares
26246,3,0,0,3,2,If We Ever Meet In Real Life
26247,3,3,3,0,0,Your Fg Inkless Skin
26248,3,0,0,3,2,My Friends House Burned Down
26249,3,0,0,3,2,You Will Find Me
26250,3,0,0,3,2,Just Help Me
26251,3,0,0,3,2,Facebook Stalking My Web History The Fuuuu
26252,3,0,0,3,2,Your Fg Thighs
26253,3,3,3,0,0,Well Im Fd Up
26254,3,3,0,0,0,Tonight Youre Mine
26255,3,0,0,3,2,If We Ever Meet
26256,3,0,0,3,2,Life With Hope That Everything Is Going To Be Fine
26257,3,3,3,0,0,Relationships Are Stupid
26258,3,0,0,3,2,I Told Ya I Was Trouble
26259,3,0,0,3,2,The Man Of My Life
26260,3,3,0,0,0,What To Do When Your Only Other Option Is Suicide
26261,3,0,0,3,2,Cynic The Biography
26262,3,3,3,0,0,Cynic The Pedobear
26263,3,0,0,3,2,I Like Mackeral
26264,3,0,0,3,2,Cynic The True Son Of Elmo
26265,3,3,3,0,0,I Love Horse Poop
26266,3,0,0,3,2,Ptt Ptt Ptt
26267,3,0,0,3,2,Please If Anyone Is Even Listning
26268,3,0,0,3,2,Secret Talk Theme Song
26269,3,0,0,3,2,Buckhead The Troll
26270,3,0,0,3,2,The Diapher Changer
26271,3,0,0,3,2,I Am Not Sure What Go Blow Is
26272,3,0,0,3,2,I Cant Break The Surface
26273,3,0,0,3,2,Not Manufacturing Anything
26274,3,0,0,3,2,Ididitallforyou  Whatsername Lauren Alex289 Martha Wave
26275,3,0,0,3,2,Star Crossed Lovers
26276,3,3,0,0,0,Im Bored Now
26277,3,3,0,0,0,What A Great Night
26278,3,3,0,0,0,Take Me Home
26279,3,0,0,3,2,Re Paint Me A Picture Of Unconditional Love
26280,3,3,0,0,0,Paint Me A Picture
26281,3,3,0,0,0,I Never Thought Id End Up Here Again
26282,3,0,0,3,2,Talking To Him
26283,3,0,0,3,2,To Whom It May Concern
26284,3,0,0,3,2,O Conflicting Feelings 
26285,3,0,0,3,2,Home Opener Home Breaker
26286,3,0,0,3,2,Cynic Wrote This The Cynicism Is Strong With This One
26287,3,0,0,3,2,Whats Wrong With Me
26288,3,0,0,3,2,The Pain Wont Go Away
26289,3,0,0,3,2,Sometimes It Is The Answer
26290,3,0,0,3,2,Please Refer To What I Wrote In My Profile
26291,3,0,0,3,2, Comprehension Insight Felt Through My Senses Of You
26292,3,0,0,3,2,Are You All Right
26293,3,0,0,3,2,Just One Wish
26294,3,0,0,3,2,Plz Help Me
26295,3,0,0,3,2,Youre A Winner Whiner
26296,3,0,0,3,2,What Are We
26297,3,0,0,3,2,Does Anybody Fg Care
26298,3,0,0,3,2,Kamil Miss You 76
26299,3,0,0,3,2,The Game Changer
26300,3,0,0,3,2,Can You Actually Give Off The Desperation Vibe
26301,3,0,0,3,2,So Me And My Cousine
26302,3,3,0,0,0,Is It A Compliment To Tell A Girl That I Masturbate To Her
26303,3,0,0,3,2,How Do You Identify Yourself And Why
26304,3,0,0,3,2,About My Guy
26305,3,0,0,3,2,We Are The Secrettalkers Not Secret Trollers
26306,3,0,0,3,2,My Past Ambition
26307,3,0,0,3,2,Why Do Words Hurt
26308,3,0,0,3,2,Ididitallforyou Lied To Us
26309,3,3,3,0,0,Hey Troll Boygirl
26310,3,3,0,0,0,Whatsername And Cynic Are The Same Person
26311,3,0,0,3,2,Does Anyone Can Give Me An Advice
26312,3,0,0,3,2,Triggering Cutting And Such
26313,3,0,0,3,2,Life Is Not Anime
26314,3,3,0,0,0,Der Sieg Wird Unser Sein
26315,3,3,0,0,0,Is Fapping To Whatsername Illegal
26316,3,0,0,3,2,The Easiest Ayahuasca Recipe
26317,3,0,0,3,2,I Think About It Less And Less But When I Do
26318,3,3,0,0,0,I Terribly Miss CNL
26319,3,0,0,3,2,Whatsername And My Little Pony
26320,3,0,0,3,2,I Really Wish I Were Doing Better
26321,3,0,0,3,2,Lowest Point In Life
26322,3,0,0,3,2,High White Blood Cell Count
26323,3,0,0,3,2,Boy Issues Again
26324,3,3,3,0,0,You Are A Pathetic Py
26325,3,0,0,3,2,A Total Zero
26326,3,0,0,3,2,Introducing Plan B
26327,3,3,3,0,0,OK Chicken St Anonymous Your Move
26328,3,0,0,3,2,AnxietyThe Person Im Not Supposed To Be
26329,3,0,0,3,2,Can I Kiss You
26330,3,0,0,3,2,I Will Have Courage Enough For Both Of Us
26331,3,0,0,3,2,This Is For Buckhead Whom I Prefer To Call Blockhead
26332,3,0,0,3,2,Blue Pill Sensibilities Red Pill Requirements
26333,3,0,0,3,2,Dreams Can Be Powerful
26334,3,0,0,3,2,Therapist More Like TheraPssed AMIRITE Hullo Is This Thing On
26335,3,0,0,3,2,Sloppy Slurper Barry
26336,3,0,0,3,2,Past Few Days
26337,3,0,0,3,2,Im Going To Jump
26338,3,0,0,3,2,Professional And Personal
26339,3,0,0,3,2,My Secret Room
26340,3,0,0,3,2,Mental Health Takes Me Downhill
26341,3,0,0,3,2,This Could Be For You
26342,3,0,0,3,2,My Current Mood
26343,3,0,0,3,2,Something Is Missing
26344,3,0,0,3,2,Do I Love Him Or No
26345,3,0,0,3,2,First Post Oh Happy
26346,3,0,0,3,2,I Am Eighteen
26347,3,0,0,3,2,Be Brave Be Rewarded
26348,3,0,0,3,2,My Legs Fell Asleep
26349,3,0,0,3,2,I Wont Let This Stop Me
26350,3,0,0,3,2,Time To Get Real
26351,3,0,0,3,2,I Feel Like A Failure
26352,3,3,3,0,0,Unappreciated Sons Of Bs
26353,3,0,0,3,2, I Can Feel Your Kiss
26354,3,0,0,3,2,Girlfriend In Therapy
26355,3,0,0,3,2,Im Sorry I Dont Know What To Do
26356,3,0,0,3,2,Im Ready For Hugs Now 
26357,3,3,3,0,0,Move Btch Get Out The Way
26358,3,3,3,0,0,Today I Fd Up
26359,3,0,0,3,2,Please Stop Trump
26360,3,0,0,3,2,Hey There Johnjmeiersbcglobalnet
26361,3,0,0,3,2,Unsubscribe Me Please
26362,3,0,0,3,2,I Think Im First But Surely Finish Last
26363,3,0,0,3,2,At Fg Home Again
26364,3,3,3,0,0,WHAT BlTCH NlGGER KEEPS DELETING MY SHlT
26365,3,0,0,3,2,Need Halp Guys and Gals
26366,3,0,0,3,2, I Want To Hear All You Need To Say
26367,3,0,0,3,2,The Girl Who Ruins Peoples Life
26368,3,0,0,3,2,Random Post Of The Day
26369,3,0,0,3,2,Help Me Understand
26370,3,0,0,3,2,When I Am Alone
26371,3,0,0,3,2,I Feel Like I Messed Up
26372,3,3,3,0,0,I Banged A Nurse
26373,3,3,3,0,0,I Fd A Paraplegic MILF
26374,3,0,0,3,2,Did I Do Something Wrong
26375,3,0,0,3,2,I Love Butternut Squash
26376,3,3,0,0,0,I Want To Take A St On Your Face And Chest
26377,3,0,0,3,2, Mopy Find Your Own Style
26378,3,0,0,3,2, Baby Stew 
26379,3,0,0,3,2,Thank You For Being You
26380,3,0,0,3,2,Hard To Walk Away
26381,3,0,0,3,2,So Much Happened Yesterday
26382,3,3,3,0,0,Preparing Your A Nus For Anal Sex
26383,3,0,0,3,2,An Little Story About Love
26384,3,0,0,3,2,The Sotry Of My Life  What Do I Do Help
26385,3,0,0,3,2,Angry And Sad
26386,3,3,3,0,0,I Caught My Son Sucking Another Boys P Enis
26387,3,0,0,3,2,Awkward Holiday Situation
26388,3,0,0,3,2,Dating One Person Falling For Another
26389,3,3,3,0,0,Why Cant I Just Be Gay Or Straight
26390,3,0,0,3,2,Dying Of Depression
26391,3,0,0,3,2,Weve Got Tonight
26392,3,0,0,3,2,There Are So Many Things I Want To Tell You
26393,3,0,0,3,2,Continuing Adventures Of Selfembarrassment
26394,3,0,0,3,2,Pleasantly Plump Pumpernickel
26395,3,3,3,0,0,Why Do People Watch Porn I Hate It
26396,3,0,0,3,2,Who Wants To Be My Baby Daddy 
26397,3,0,0,3,2,My Mom Is Mean And School Is A Mess
26398,3,0,0,3,2,What Should I Do
26399,3,0,0,3,2,Tired Of Not Talking
26400,3,0,0,3,2,Support Resulted In Love
26401,3,0,0,3,2,What Kind Of Songs Do You Like To Listen When You Feel Depressed
26402,3,0,0,3,2,How I Was Cured From ALS
26403,3,0,0,3,2,I Wish If I Were Living In A Different Time Line
26404,3,0,0,3,2,I Think My Tech Teacher Likes Me
26405,3,0,0,3,2,Life With Depression Give Me Some Good Study Habits Please
26406,3,0,0,3,2,Lost that Hope
26407,3,0,0,3,2,Hi Any Tattooed People Here
26408,3,0,0,3,2,First Things First Im The Illest
26409,3,0,0,3,2,I Hate Mind Game Bt
26410,3,3,3,0,0,I Have Fapped To The Photos Of Whatsername
26411,3,0,0,3,2,Oh I Wonder
26412,3,0,0,3,2,I Just Dont Wanna Be Here Anymore
26413,3,0,0,3,2,Tired Meaningless Life
26414,3,0,0,3,2,Spirit On Earth Soon To Journey Back
26415,3,3,3,0,0,Y U Pssy
26416,3,3,3,0,0,How To Fk My Sister
26417,3,0,0,3,2,Try This Now
26418,3,0,0,3,2,Help Me My God
26419,3,0,0,3,2,Its Not Food
26420,3,0,0,3,2,You Still Look Like A Movie You Still Sound Like A Song
26421,3,0,0,3,2,Youre Still The One
26422,3,0,0,3,2,A Message In A Bottle
26423,3,0,0,3,2,My Bff Told Me This
26424,3,0,0,3,2,I Am A Loser
26425,3,0,0,3,2,Why Come Into My Life If You Dont Want To Be
26426,3,0,0,3,2,Love Hi I Was In A Mood Of Mood N Mood Of Doing The Thing While The Th
26427,3,0,0,3,2,A Depressing Story
26428,3,0,0,3,2,I Wish It Would Become Reality
26429,3,0,0,3,2,Im In Love With My Bffs Bf Help
26430,3,0,0,3,2,I Hate This World
26431,3,0,0,3,2,I Shouldnt Be Upset
26432,3,0,0,3,2,Idk What To Do
26433,3,0,0,3,2,Its Not Cute Its Broken And Your Money And Success Cant Fix It
26434,3,0,0,3,2,Im Old Gregg
26435,3,0,0,3,2,Is That You
26436,3,0,0,3,2,I Want My Husband
26437,3,0,0,3,2,0410171350 Pontian George
26438,3,3,3,0,0,Craving A Man 0410171350
26439,3,0,0,3,2,If Not The Human Raice Then Who
26440,3,3,3,0,0,I Am 10 And I Have Bigger Boobs Than All Of My Friends
26441,3,0,0,3,2,My Brother Was Hit By A Car Two Days Ago
26442,3,0,0,3,2,Hi Amerikan Frenz Am Artour
26443,3,0,0,3,2,He Is Dead
26444,3,0,0,3,2,Dreams Are Dumb
26445,3,0,0,3,2,Thoughts On You
26446,3,0,0,3,2,A Different Story
26447,3,0,0,3,2,Bachelors Party By My Ex GirlFriend
26448,3,0,0,3,2,Well Been A Lonng Time
26449,3,0,0,3,2,Im In Love With HER
26450,3,0,0,3,2, Lets Escape Into Our Entwined Dreams
26451,3,0,0,3,2,Why Are We Even
26452,3,3,0,0,0, Harold SadAsssss Baby
26453,3,0,0,3,2,My Glistening Joy Poem
26454,3,0,0,3,2,To All Bloggers Out There
26455,3,3,3,0,0,Sex With A Paraplegic MILF
26456,3,0,0,3,2,I May Be Pregnant
26457,3,0,0,3,2,Past Present Future
26458,3,0,0,3,2,Usdprg Usdprg Usdprg
26459,3,0,0,3,2,I Will Love You Forever
26460,3,0,0,3,2,So Why Should You Care
26461,3,0,0,3,2,Come My Love
26462,3,0,0,3,2,One Day Youll Smile
26463,3,0,0,3,2,Im In H3ll
26464,3,0,0,3,2,I Miss Chuuuu
26465,3,0,0,3,2,Should I Just Delete Her From My Life 
26466,3,0,0,3,2,I Have A Fetish
26467,3,0,0,3,2,My Communication Teacher
26468,3,0,0,3,2,Testing And Observing
26469,3,0,0,3,2,Super Super Nervous
26470,3,0,0,3,2,Tweeting My Crush
26471,3,0,0,3,2,Im Tryna Change I Really Am
26472,3,0,0,3,2,Am I Happy
26473,3,0,0,3,2,Yaaaaa Aaaaaaa Aaaaaas
26474,3,0,0,3,2,Having A Hard Time
26475,3,0,0,3,2,Why Say That
26476,3,0,0,3,2,Strawberries Champagne And Candlelights
26477,3,0,0,3,2,I Told Myself I Wouldnt Talk To You Again
26478,3,0,0,3,2,I Know None Of This Is Good For Me
26479,3,0,0,3,2,Get Paid To Listen To Music
26480,3,0,0,3,2,usdprg Towhom Started All This 
26481,3,0,0,3,2,USDPRG Come Under My Umbrella
26482,3,0,0,3,2,USDPRG Reborn And Different
26483,3,0,0,3,2,USDPRG Moravia Mon Amour
26484,3,0,0,3,2,USDPRG  Made With Love
26485,3,0,0,3,2,USDPRG Ive Had A Dream
26486,3,0,0,3,2,USDPRG  Real Aristocracy
26487,3,0,0,3,2,I Miss My Friend
26488,3,0,0,3,2,The Enchantress Who Stole My Heart
26489,3,0,0,3,2,The Best Place For FREE Legal Advice
26490,3,0,0,3,2,What The Hell Is Going On
26491,3,0,0,3,2,An Affair With A Soon To Be Married Man
26492,3,0,0,3,2,I Dislike And Avoid My 5 Year Old Daughter
26493,3,0,0,3,2,My Dad And Me
26494,3,0,0,3,2,I Am Different
26495,3,0,0,3,2,The Truth Always Catches Up At Some Point
26496,3,0,0,3,2,The Boy Who Couldnt Be A Kid